"coverage_id", "tiv"
1, 220000.000000
2, 790000.000000
3, 160000.000000
4, 30000.000000
5, 250000.000000
6, 700000.000000
7, 90000.000000
8, 310000.000000
9, 420000.000000
10, 430000.000000
